;GDPM;PGDPM;PSCCOM;FYFF;NBREC;TRES
1965:01;2823.691830;24.782483;100.100006;2.480000;10560.000000;11112.000000
1965:02;2858.015766;24.829209;99.300003;2.400000;10624.000000;11129.000000
1965:03;2906.428408;24.788285;101.100006;2.800000;10482.000000;11081.000000
1965:04;2907.736029;24.888892;102.399994;2.960000;10424.000000;11116.000000
1965:05;2910.418859;24.888840;103.500000;2.900000;10317.000000;11058.000000
1965:06;2897.697097;24.922268;103.399994;3.390000;10043.000000;10972.000000
1965:07;2932.763116;25.079448;101.899994;3.440000;10148.000000;11109.000000
1965:08;2949.000311;25.102043;102.000000;3.500000;10177.000000;11168.000000
1965:09;2979.270556;25.118509;101.899994;3.760000;10202.000000;11128.000000
1965:10;3020.786010;25.205850;101.199997;3.980000;10150.000000;11057.000000
1965:11;3025.210849;25.193451;100.500000;4.000000;10194.000000;11052.000000
1965:12;3041.415144;25.200699;98.699997;3.990000;10168.000000;11109.000000
1966:01;3064.561133;25.305380;99.600006;3.990000;10194.000000;11081.000000
1966:02;3087.848419;25.444146;99.000000;3.970000;10074.000000;10884.000000
1966:03;3128.938441;25.450474;99.000000;3.840000;10155.000000;10796.000000
1966:04;3120.390015;25.533737;100.899994;3.920000;10161.000000;10767.000000
1966:05;3094.200987;25.622348;101.300003;3.850000;10344.000000;10840.000000
1966:06;3098.491005;25.643915;100.600006;3.320000;10451.000000;10885.000000
1966:07;3113.912341;25.801064;100.699997;3.230000;10615.000000;10994.000000
1966:08;3125.634393;25.904467;100.500000;2.980000;10782.000000;11078.000000
1966:09;3146.221269;25.994469;98.899994;2.600000;10932.000000;11147.000000
1966:10;3142.113409;26.047140;98.199997;2.470000;11049.000000;11216.000000
1966:11;3152.438798;26.121599;97.600006;2.440000;11166.000000;11299.000000
1966:12;3154.061787;26.131260;96.399994;1.980000;11172.000000;11247.000000
1967:01;3172.211298;26.191768;97.600006;1.450000;11259.000000;11324.000000
1967:02;3186.321547;26.209331;99.500000;2.540000;11096.000000;11229.000000
1967:03;3190.547143;26.198901;101.399994;2.020000;11038.000000;11108.000000
1967:04;3200.420940;26.324073;102.399994;1.500000;11066.000000;11123.000000
1967:05;3195.037869;26.396211;101.800003;1.980000;10940.000000;11035.000000
1967:06;3182.506193;26.479716;98.899994;1.730000;11024.000000;11087.000000
1967:07;3199.422765;26.614654;99.399994;1.160000;11070.000000;11124.000000
1967:08;3245.365130;26.725405;100.000000;2.000000;11169.000000;11234.000000
1967:09;3205.759096;26.759941;99.399994;1.880000;11251.000000;11289.000000
1967:10;3198.707642;26.933153;98.600006;2.260000;11342.000000;11413.000000
1967:11;3253.815689;26.987668;97.600006;2.620000;11384.000000;11482.000000
1967:12;3267.070680;27.079179;99.600006;2.330000;11366.000000;11499.000000
1968:01;3303.086396;27.289604;100.399994;2.140000;11403.000000;11490.000000
1968:02;3281.091474;27.318614;98.500000;2.370000;11233.000000;11301.000000
1968:03;3303.699128;27.291782;99.000000;2.700000;11170.000000;11259.000000
1968:04;3348.843811;27.469279;97.300003;2.690000;11258.000000;11330.000000
1968:05;3359.884779;27.519495;96.500000;2.290000;11323.000000;11384.000000
1968:06;3337.507405;27.511227;94.899994;2.680000;11226.000000;11328.000000
1968:07;3365.481304;27.687523;94.399994;2.710000;11302.000000;11394.000000
1968:08;3405.267016;27.782166;94.500000;2.930000;11231.000000;11355.000000
1968:09;3352.939667;27.930311;94.399994;2.900000;11303.000000;11383.000000
1968:10;3404.638846;28.115496;94.800003;2.900000;11387.000000;11450.000000
1968:11;3398.066403;28.238515;94.899994;2.940000;11372.000000;11492.000000
1968:12;3374.548733;28.245989;94.500000;2.930000;11344.000000;11604.000000
1969:01;3436.913705;28.342385;95.399994;2.910000;11421.000000;11567.000000
1969:02;3437.210474;28.380212;95.199997;3.000000;11290.000000;11456.000000
1969:03;3455.418785;28.477403;94.100006;2.980000;11255.000000;11404.000000
1969:04;3448.300425;28.672887;94.899994;2.900000;11319.000000;11449.000000
1969:05;3451.077039;28.800730;97.000000;3.000000;11216.000000;11426.000000
1969:06;3421.789520;28.926383;95.399994;2.990000;11139.000000;11398.000000
1969:07;3448.630296;29.122197;95.699997;3.020000;11232.000000;11530.000000
1969:08;3470.014018;29.201625;94.500000;3.490000;11155.000000;11484.000000
1969:09;3453.917664;29.276178;94.899994;3.480000;11184.000000;11503.000000
1969:10;3463.742605;29.440312;97.800003;3.500000;11137.000000;11457.000000
1969:11;3426.150826;29.618844;97.699997;3.480000;11198.000000;11547.000000
1969:12;3424.017560;29.740845;96.899994;3.380000;11397.000000;11730.000000
1970:01;3413.829953;29.889435;97.399994;3.480000;11369.000000;11643.000000
1970:02;3454.403943;29.966603;96.300003;3.480000;11261.000000;11547.000000
1970:03;3434.601100;30.143962;96.199997;3.430000;11285.000000;11563.000000
1970:04;3448.808421;30.302999;98.300003;3.470000;11326.000000;11537.000000
1970:05;3413.135316;30.404106;97.199997;3.500000;11263.000000;11523.000000
1970:06;3444.621248;30.492895;97.100006;3.500000;11326.000000;11595.000000
1970:07;3481.192178;30.600911;97.800003;3.420000;11387.000000;11651.000000
1970:08;3485.114173;30.694987;99.899994;3.500000;11480.000000;11795.000000
1970:09;3445.423620;30.804103;102.000000;3.450000;11518.000000;11863.000000
1970:10;3442.425833;30.984430;104.399994;3.360000;11567.000000;11888.000000
1970:11;3444.457495;31.120089;104.800003;3.520000;11598.000000;11998.000000
1970:12;3456.295670;31.195480;105.300003;3.850000;11747.000000;12011.000000
1971:01;3535.784741;31.493728;104.400000;3.900000;11653.000000;11952.000000
1971:02;3513.517010;31.603294;104.500000;3.980000;11479.000000;11883.000000
1971:03;3544.756239;31.702978;105.100000;4.040000;11472.000000;11884.000000
1971:04;3548.207876;31.886920;107.300000;4.090000;11571.000000;12043.000000
1971:05;3549.640084;32.016798;107.300000;4.100000;11417.000000;11912.000000
1971:06;3545.859018;32.096282;106.300000;4.040000;11467.000000;12005.000000
1971:07;3551.361014;32.292595;105.400000;4.090000;11544.000000;12073.000000
1971:08;3572.287128;32.446546;106.800000;4.120000;11531.000000;12079.000000
1971:09;3582.217852;32.460859;107.600000;4.010000;11517.000000;12071.000000
1971:10;3571.575078;32.612026;107.800000;4.080000;11630.000000;12118.000000
1971:11;3576.464537;32.649720;108.300000;4.100000;11655.000000;12087.000000
1971:12;3617.216385;32.838254;111.100000;4.320000;11872.000000;12316.000000
1972:01;3651.355310;33.027145;114.300000;4.420000;11875.000000;12295.000000
1972:02;3612.805971;33.137462;116.100000;4.600000;11711.000000;12193.000000
1972:03;3688.841696;33.135393;115.900000;4.650000;11604.000000;12164.000000
1972:04;3721.459836;33.280854;114.800000;4.670000;11621.000000;12258.000000
1972:05;3745.226294;33.305457;113.000000;4.900000;11575.000000;12263.000000
1972:06;3730.791856;33.313689;113.700000;5.170000;11549.000000;12256.000000
1972:07;3729.724252;33.498283;115.400000;5.300000;11629.000000;12371.000000
1972:08;3793.676980;33.571005;112.900000;5.530000;11430.000000;12165.000000
1972:09;3781.164779;33.730712;109.500000;5.400000;11460.000000;12229.000000
1972:10;3826.554426;33.976182;105.800000;5.530000;11465.000000;12199.000000
1972:11;3832.572003;34.127437;104.700000;5.770000;11598.000000;12205.000000
1972:12;3831.214556;34.196380;104.900000;5.400000;11690.000000;12223.000000
1973:01;3917.737137;34.336720;105.000000;4.940000;11924.000000;12334.000000
1973:02;3911.343460;34.465236;104.100000;5.000000;11916.000000;12280.000000
1973:03;3931.106382;34.698044;102.000000;4.530000;12237.000000;12438.000000
1973:04;3938.584067;34.841310;100.100000;4.050000;12342.000000;12488.000000
1973:05;3938.139968;35.007879;101.000000;3.940000;12329.000000;12418.000000
1973:06;3944.184953;35.150811;100.800000;3.980000;12351.000000;12457.000000
1973:07;3957.386060;35.379247;99.100000;3.790000;12607.000000;12722.000000
1973:08;3875.340807;35.704605;98.700000;3.890000;12598.000000;12678.000000
1973:09;3955.441113;36.016149;97.900000;4.000000;12758.000000;12846.000000
1973:10;3952.423655;36.243638;96.900000;3.880000;12959.000000;13088.000000
1973:11;3973.412671;36.515488;96.900000;4.120000;12999.000000;13131.000000
1973:12;3961.501681;36.740874;98.100000;4.510000;12952.000000;13180.000000
1974:01;3930.325510;36.929946;98.100000;4.600000;12993.000000;13239.000000
1974:02;3914.816340;37.108577;98.400000;4.720000;12815.000000;13188.000000
1974:03;3923.958151;37.261477;99.000000;5.050000;12527.000000;13186.000000
1974:04;3931.959457;37.441227;98.000000;5.760000;12432.000000;13117.000000
1974:05;3939.295908;37.864085;96.700000;6.120000;12389.000000;13130.000000
1974:06;3924.584623;38.094688;96.100000;6.070000;12557.000000;13251.000000
1974:07;3905.996421;38.514764;95.400000;6.020000;12928.000000;13455.000000
1974:08;3883.630014;39.012513;95.600000;6.030000;12875.000000;13440.000000
1974:09;3907.145561;39.472722;96.400000;5.780000;12931.000000;13435.000000
1974:10;3884.415325;39.820791;97.100000;5.920000;13086.000000;13529.000000
1974:11;3838.072283;40.286456;100.100000;5.810000;13104.000000;13649.000000
1974:12;3845.772383;40.492753;100.800000;6.020000;13021.000000;13767.000000
1975:01;3832.478120;40.923117;102.900000;6.300000;12893.000000;13629.000000
1975:02;3838.129168;41.100625;105.100000;6.640000;12879.000000;13714.000000
1975:03;3807.678698;41.276257;106.200000;6.790000;12751.000000;13653.000000
1975:04;3849.600046;41.548579;107.800000;7.410000;12468.000000;13471.000000
1975:05;3871.801369;41.685954;109.800000;8.670000;12470.000000;13844.000000
1975:06;3889.676577;41.865467;111.300000;8.900000;12410.000000;13795.000000
1975:07;3921.989145;42.303240;111.300000;8.610000;12239.000000;13491.000000
1975:08;3937.314776;42.459384;113.200000;9.190000;12565.000000;13784.000000
1975:09;3951.464095;42.737376;113.900000;9.150000;12743.000000;13822.000000
1975:10;3985.791600;43.124973;113.600000;9.000000;12754.000000;13904.000000
1975:11;3964.842779;43.336838;114.200000;8.850000;12969.000000;14172.000000
1975:12;3994.833599;43.438189;114.600000;8.970000;13049.000000;14168.000000
1976:01;4065.007115;43.721371;116.100000;8.980000;13128.000000;14087.000000
1976:02;4073.502574;43.765808;116.600000;8.980000;13019.000000;14099.000000
1976:03;4076.840306;43.912821;116.900000;7.760000;13173.000000;14071.000000
1976:04;4094.319363;44.105201;116.300000;8.100000;13364.000000;14209.000000
1976:05;4077.750053;44.191340;115.000000;7.940000;13040.000000;14007.000000
1976:06;4109.302566;44.303459;113.800000;7.600000;13197.000000;14078.000000
1976:07;4099.851728;44.572242;112.900000;7.210000;12799.000000;14159.000000
1976:08;4094.133680;44.805768;112.900000;6.610000;13445.000000;14282.000000
1976:09;4134.420556;45.021991;112.000000;6.290000;13847.000000;14447.000000
1976:10;4126.022019;45.357140;110.900000;6.200000;14017.000000;14480.000000
1976:11;4133.101668;45.570621;109.200000;5.600000;14055.000000;14470.000000
1976:12;4194.772273;45.872239;107.200000;4.900000;14225.000000;14558.000000
1977:01;4188.802300;45.958164;107.100000;4.140000;14240.000000;14604.000000
1977:02;4190.540006;46.185448;109.900000;3.720000;14488.000000;14819.000000
1977:03;4220.425673;46.456388;109.300000;3.710000;14479.000000;14798.000000
1977:04;4269.333324;46.761573;109.700000;4.150000;14606.000000;14759.000000
1977:05;4305.159762;46.998728;108.800000;4.630000;14698.000000;14982.000000
1977:06;4259.245888;47.239699;108.100000;4.910000;14564.000000;15057.000000
1977:07;4325.518129;47.481083;108.300000;5.310000;14302.000000;15125.000000
1977:08;4330.859233;47.746399;108.300000;5.570000;14380.000000;15190.000000
1977:09;4363.024629;47.872519;107.400000;5.550000;14928.000000;15423.000000
1977:10;4318.743288;48.239332;106.700000;5.200000;14854.000000;15211.000000
1977:11;4356.674718;48.478184;105.800000;4.910000;14864.000000;15247.000000
1977:12;4374.169981;48.782484;106.700000;4.140000;15104.000000;15230.000000
1978:01;4318.721017;49.107306;110.300000;3.500000;15347.000000;15369.000000
1978:02;4332.196738;49.396529;112.400000;3.290000;15331.000000;15363.000000
1978:03;4439.717231;49.696166;114.400000;3.830000;15382.000000;15480.000000
1978:04;4502.043777;50.206007;115.600000;4.170000;15534.000000;15651.000000
1978:05;4506.601286;50.516140;119.200000;4.270000;15628.000000;15739.000000
1978:06;4534.433910;50.777853;119.100000;4.460000;15809.000000;15909.000000
1978:07;4509.609603;51.106376;119.800000;4.550000;15597.000000;15835.000000
1978:08;4578.646784;51.334359;121.000000;4.800000;15623.000000;16010.000000
1978:09;4563.950604;51.759265;122.700000;4.870000;15459.000000;16000.000000
1978:10;4580.266417;52.077173;124.500000;5.040000;15637.000000;16193.000000
1978:11;4601.938176;52.535800;126.200000;5.060000;15833.000000;16441.000000
1978:12;4622.993388;52.887027;130.800000;5.330000;15595.000000;16645.000000
1979:01;4587.960503;53.243353;134.400000;5.940000;15548.000000;16708.000000
1979:02;4613.642261;53.625758;143.000000;6.580000;15120.000000;16714.000000
1979:03;4616.600202;53.930890;149.900000;7.090000;15099.000000;16923.000000
1979:04;4606.489971;54.379070;152.900000;7.120000;15020.000000;16731.000000
1979:05;4605.806425;54.679556;161.100000;7.840000;14830.000000;16672.000000
1979:06;4618.423594;55.041374;171.200000;8.490000;14903.000000;16746.000000
1979:07;4673.199105;55.590384;181.900000;10.400000;15067.000000;16988.000000
1979:08;4635.409071;55.773549;207.800000;10.500000;14657.000000;16796.000000
1979:09;4605.836808;56.336067;194.900000;10.780000;14909.000000;16735.000000
1979:10;4666.026710;56.649190;192.000000;10.010000;15464.000000;16924.000000
1979:11;4641.694028;56.987889;192.100000;10.030000;15585.000000;16978.000000
1979:12;4629.488257;57.362922;204.300000;9.950000;15723.000000;17021.000000
1980:01;4710.431453;57.857786;213.300000;9.650000;16174.000000;17222.000000
1980:02;4639.503705;58.235950;232.000000;8.970000;15933.000000;17125.000000
1980:03;4633.775835;58.806264;233.000000;9.350000;15817.000000;17131.000000
1980:04;4621.898491;59.359444;230.800000;10.510000;15561.000000;17298.000000
1980:05;4516.310825;59.566212;221.600000;11.310000;15491.000000;17423.000000
1980:06;4511.220680;59.874343;224.400000;11.930000;15587.000000;17367.000000
1980:07;4555.292929;60.605599;236.900000;12.920000;15615.000000;17486.000000
1980:08;4537.531283;61.042668;240.800000;12.010000;15592.000000;17391.000000
1980:09;4561.776773;61.351732;230.500000;11.340000;15731.000000;17385.000000
1980:10;4616.690227;62.240529;231.500000;10.060000;16021.000000;17349.000000
1980:11;4623.336016;62.625587;227.800000;9.450000;16361.000000;17453.000000
1980:12;4671.384753;62.933884;213.100000;8.530000;16970.000000;17550.000000
1981:01;4704.734581;63.676419;205.100000;7.130000;17010.000000;17273.000000
1981:02;4703.000423;64.233741;201.900000;6.240000;17176.000000;17271.000000
1981:03;4721.821962;64.689841;198.600000;5.540000;17370.000000;17439.000000
1981:04;4648.180077;65.060481;201.200000;5.490000;17398.000000;17498.000000
1981:05;4681.833730;65.391056;194.500000;5.220000;17291.000000;17353.000000
1981:06;4703.301203;65.748463;187.200000;5.550000;17504.000000;17715.000000
1981:07;4730.374806;66.160821;195.500000;6.100000;17351.000000;17632.000000
1981:08;4697.047597;66.421397;205.600000;6.140000;17461.000000;17660.000000
1981:09;4726.548587;66.917782;206.300000;6.240000;17452.000000;17834.000000
1981:10;4652.923893;67.364362;201.400000;5.820000;17408.000000;17587.000000
1981:11;4680.170236;67.800057;191.700000;5.220000;17794.000000;17849.000000
1981:12;4635.923858;68.235580;189.700000;5.200000;17704.000000;17822.000000
1982:01;4528.132056;68.708546;190.400000;4.870000;17549.000000;17616.000000
1982:02;4584.172693;68.645523;193.200000;4.770000;17734.000000;17806.000000
1982:03;4627.521251;69.045931;196.000000;4.840000;17824.000000;17875.000000
1982:04;4650.074983;69.454963;202.300000;4.820000;17675.000000;17719.000000
1982:05;4541.450114;69.774566;202.800000;5.290000;17826.000000;17940.000000
1982:06;4609.709902;70.170470;207.400000;5.480000;17820.000000;17946.000000
1982:07;4637.605767;70.418193;216.000000;5.310000;17714.000000;17846.000000
1982:08;4567.039805;70.636872;206.900000;5.290000;17953.000000;18053.000000
1982:09;4631.560396;70.744934;203.100000;5.250000;17948.000000;18009.000000
1982:10;4641.531119;71.059044;196.500000;5.030000;17983.000000;18077.000000
1982:11;4641.651305;71.218988;197.200000;4.950000;18268.000000;18340.000000
1982:12;4667.382565;71.621968;200.600000;4.650000;18335.000000;18388.000000
1983:01;4665.346706;71.701342;207.300000;4.610000;18353.000000;18421.000000
1983:02;4688.469877;71.934761;213.000000;4.680000;18227.000000;18299.000000
1983:03;4682.089389;72.063896;218.400000;4.690000;18301.000000;18405.000000
1983:04;4759.046537;72.529000;220.800000;4.730000;18406.000000;18479.000000
1983:05;4758.394947;72.724879;218.700000;5.350000;18379.000000;18585.000000
1983:06;4820.179499;72.846121;208.500000;5.390000;18208.000000;18471.000000
1983:07;4840.591065;73.215872;204.100000;5.420000;18425.000000;18748.000000
1983:08;4867.616102;73.414916;200.800000;5.900000;17858.000000;18919.000000
1983:09;4877.601806;73.569212;201.300000;6.140000;18247.000000;18873.000000
1983:10;4874.318160;73.938041;203.300000;6.470000;17658.000000;18963.000000
1983:11;4948.833753;74.037034;205.900000;6.510000;18150.000000;19012.000000
1983:12;5009.841072;74.324925;212.700000;6.560000;18420.000000;18990.000000
1984:01;5027.856594;74.894063;218.000000;6.700000;18806.000000;19290.000000
1984:02;5040.964457;75.180973;220.300000;6.780000;19155.000000;19561.000000
1984:03;5078.140918;75.224963;226.400000;6.790000;18958.000000;19286.000000
1984:04;5083.423945;75.647499;228.000000;6.890000;18851.000000;19408.000000
1984:05;5156.578913;75.516444;228.100000;7.360000;18443.000000;19655.000000
1984:06;5145.984220;75.636057;229.700000;7.600000;18774.000000;19868.000000
1984:07;5126.200504;76.098007;228.900000;7.810000;18801.000000;20118.000000
1984:08;5219.858245;76.271110;236.200000;8.040000;18772.000000;19912.000000
1984:09;5154.220228;76.530883;243.000000;8.450000;18934.000000;19994.000000
1984:10;5193.293131;76.689218;251.000000;8.960000;18832.000000;20109.000000
1984:11;5202.609862;76.890374;252.200000;9.760000;19169.000000;19872.000000
1984:12;5233.670007;76.820408;250.800000;10.030000;18885.000000;19753.000000
1985:01;5238.262355;77.376842;255.300000;10.070000;18818.000000;19821.000000
1985:02;5293.554924;77.657570;268.099999;10.060000;18423.000000;19396.000000
1985:03;5267.965707;77.765588;277.400000;10.090000;18439.000000;19429.000000
1985:04;5293.015142;78.036543;276.299999;10.010000;18587.000000;19504.000000
1985:05;5300.300543;78.234452;277.099999;10.240000;17788.000000;19553.000000
1985:06;5293.513214;78.329005;278.099999;10.290000;18390.000000;19808.000000
1985:07;5351.101175;78.769647;281.200000;10.470000;18822.000000;19992.000000
1985:08;5396.215908;78.860281;279.500000;10.940000;18923.000000;20008.000000
1985:09;5358.539920;78.470072;281.099999;11.430000;18667.000000;20007.000000
1985:10;5396.363282;79.205454;283.799999;13.770000;18353.000000;20375.000000
1985:11;5393.257435;79.416341;281.000000;13.180000;18492.000000;20398.000000
1985:12;5399.585274;79.578205;286.200000;13.780000;19248.000000;20720.000000
1986:01;5442.570088;79.759166;287.099999;13.820000;19452.000000;20693.000000
1986:02;5486.036313;79.685611;294.099999;14.130000;19027.000000;20682.000000
1986:03;5471.115482;79.655223;285.299999;17.190000;17978.000000;20703.000000
1986:04;5498.813966;80.002444;272.500000;17.610000;18726.000000;20629.000000
1986:05;5464.118058;80.177095;264.099999;10.980000;20164.000000;20440.000000
1986:06;5478.494968;80.420461;260.299999;9.470000;20503.000000;20575.000000
1986:07;5511.735454;80.749496;274.599999;9.030000;20654.000000;20796.000000
1986:08;5498.478651;80.870281;288.700000;9.610000;20594.000000;21011.000000
1986:09;5537.593863;80.780224;292.799999;10.870000;20011.000000;21232.000000
1986:10;5564.819710;81.288149;296.599999;12.810000;19837.000000;21147.000000
1986:11;5512.921470;81.357029;298.400000;15.850000;20091.000000;22150.000000
1986:12;5566.016711;81.554822;287.700000;18.900000;20328.000000;22015.000000
1987:01;5520.470716;82.023593;281.700000;19.080000;20348.000000;21673.000000
1987:02;5598.404060;82.097955;273.400000;15.930000;20557.000000;21840.000000
1987:03;5618.452215;82.178451;275.099999;14.700000;21086.000000;22072.000000
1987:04;5636.519478;82.723352;276.000000;15.720000;20857.000000;22187.000000
1987:05;5630.888311;82.698222;270.099999;18.520000;20224.000000;22442.000000
1987:06;5639.282193;82.678426;267.900000;19.100000;20295.000000;22326.000000
1987:07;5657.810702;83.006687;274.200000;19.040000;20653.000000;22329.000000
1987:08;5673.118412;83.285265;272.599999;17.820000;21017.000000;22356.000000
1987:09;5720.557869;83.608048;266.400000;15.870000;21332.000000;22487.000000
1987:10;5735.489746;83.967418;260.500000;15.080000;21553.000000;22296.000000
1987:11;5752.704440;84.182627;254.800000;13.310000;21840.000000;22338.000000
1987:12;5790.975828;84.149955;249.400000;12.370000;21956.000000;22443.000000
1988:01;5774.887116;84.670045;251.500000;13.220000;21349.000000;22669.000000
1988:02;5776.299606;84.622274;252.600000;14.780000;20994.000000;22551.000000
1988:03;5841.731250;84.807681;247.200000;14.680000;21206.000000;22452.000000
1988:04;5840.748947;85.334830;245.800000;14.940000;21014.000000;22337.000000
1988:05;5857.370212;85.631659;248.600000;14.450000;21461.000000;22402.000000
1988:06;5863.249834;85.833511;240.000000;14.150000;21268.000000;22368.000000
1988:07;5869.908934;86.423950;241.000000;12.590000;21541.000000;22182.000000
1988:08;5900.305749;86.755896;238.400000;10.120000;21926.000000;22348.000000
1988:09;5897.538294;86.920154;237.700000;10.310000;21871.000000;22686.000000
1988:10;5925.093568;87.323746;232.800000;9.710000;22553.000000;22889.000000
1988:11;5945.180246;87.478469;228.000000;9.200000;22921.000000;23354.000000
1988:12;6014.884088;87.697785;226.800000;8.950000;23152.000000;23600.000000
1989:01;6047.320531;88.221075;229.900000;8.680000;22854.000000;23226.000000
1989:02;6004.267153;88.563560;238.100000;8.510000;23597.000000;23901.000000
1989:03;6002.987305;88.715366;242.900000;8.770000;23939.000000;24414.000000
1989:04;6046.003413;88.973168;249.300000;8.800000;24295.000000;24900.000000
1989:05;6056.793538;89.459676;248.700000;8.630000;24420.000000;24860.000000
1989:06;6077.753042;89.767157;247.600000;8.980000;24599.000000;25277.000000
1989:07;6097.853454;90.004381;250.500000;9.370000;24480.000000;25356.000000
1989:08;6093.539622;90.166333;267.000000;9.560000;24320.000000;25376.000000
1989:09;6087.991795;90.429286;269.099999;9.450000;24509.000000;25435.000000
1989:10;6079.993108;90.723915;265.900000;9.480000;24866.000000;25454.000000
1989:11;6106.051141;90.912896;268.000000;9.340000;24497.000000;25396.000000
1989:12;6110.748711;91.063190;273.000000;9.470000;24595.000000;25367.000000
1990:01;6121.541814;91.693067;279.900000;9.560000;24740.000000;25451.000000
1990:02;6161.667852;91.970930;277.200000;9.590000;25269.000000;25832.000000
1990:03;6197.925297;92.336003;285.799999;9.910000;24878.000000;25802.000000
1990:04;6184.135538;92.824877;287.200000;10.290000;24572.000000;25762.000000
1990:05;6195.896835;93.067731;291.299999;10.320000;22978.000000;25929.000000
1990:06;6152.084629;93.407392;287.200000;11.060000;24846.000000;26274.000000
1990:07;6194.505861;93.735379;278.599999;11.230000;25203.000000;26119.000000
1990:08;6123.493626;94.060344;273.900000;11.640000;25105.000000;26079.000000
1990:09;6126.130494;94.504277;272.299999;11.300000;25300.000000;26083.000000
1990:10;6088.333866;94.619451;267.000000;9.990000;25233.000000;26192.000000
1990:11;6106.784830;95.156566;270.200000;9.430000;25650.000000;26431.000000
1990:12;6061.671371;95.523982;261.299999;8.380000;26272.000000;26854.000000
1991:01;6063.077443;96.059369;255.400000;8.350000;26801.000000;27146.000000
1991:02;6058.227741;96.326207;254.000000;8.500000;27090.000000;27575.000000
1991:03;6039.214783;96.514424;252.900000;8.580000;27042.000000;27576.000000
1991:04;6103.325130;96.753440;256.200000;8.270000;27469.000000;27923.000000
1991:05;6055.152813;97.043610;250.900000;7.970000;27408.000000;28208.000000
1991:06;6084.577133;97.202950;245.200000;7.530000;28437.000000;28976.000000
1991:07;6088.662979;97.466358;240.500000;7.880000;28641.000000;29241.000000
1991:08;6069.521495;97.675368;234.800000;7.900000;29215.000000;29718.000000
1991:09;6131.261496;97.958274;230.400000;7.920000;29385.000000;30018.000000
1991:10;6100.787159;98.137393;229.400000;7.990000;29864.000000;30423.000000
1991:11;6122.527704;98.328458;233.200000;8.050000;29583.000000;30793.000000
1991:12;6109.589153;98.434149;234.200000;8.270000;30643.000000;31463.000000
1992:01;6144.721489;98.957175;232.700000;8.140000;31396.000000;31670.000000
1992:02;6182.337831;99.060997;228.000000;7.860000;31255.000000;31646.000000
1992:03;6217.715632;99.281827;218.600000;7.480000;31799.000000;32042.000000
1992:04;6208.396733;99.705662;213.900000;6.990000;32276.000000;32534.000000
1992:05;6189.089685;99.805910;215.400000;6.850000;33013.000000;33304.000000
1992:06;6265.531554;99.888428;216.000000;6.920000;33818.000000;34090.000000
1992:07;6274.642087;100.118710;220.600000;6.560000;34394.000000;34757.000000
1992:08;6253.532265;100.253420;209.800000;6.170000;34921.000000;35329.000000
1992:09;6274.975518;100.227870;213.300000;5.890000;35238.000000;35676.000000
1992:10;6319.749929;100.748550;222.400000;5.850000;35875.000000;36219.000000
1992:11;6323.017895;100.853640;227.100000;6.040000;36856.000000;37189.000000
1992:12;6355.093245;101.097810;227.800000;6.910000;38449.000000;38972.000000
1993:01;6333.805997;101.526560;229.900000;6.430000;39052.000000;39407.000000
1993:02;6335.890616;101.849540;226.350000;6.100000;38743.000000;39017.000000
1993:03;6325.099365;102.023910;226.900000;6.130000;38550.000000;38814.000000
1993:04;6345.592436;102.414100;233.900000;6.370000;38959.000000;39682.000000
1993:05;6364.524814;102.445270;247.500000;6.850000;39209.000000;39957.000000
1993:06;6373.777729;102.340630;250.500000;6.730000;39129.000000;39633.000000
1993:07;6365.265191;102.802850;253.400000;6.580000;38712.000000;39190.000000
1993:08;6401.137555;102.708970;252.200000;6.730000;38882.000000;39398.000000
1993:09;6422.642242;102.888180;255.400000;7.220000;38701.000000;39232.000000
1993:10;6426.716630;103.144020;255.600000;7.290000;39340.000000;39833.000000
1993:11;6502.658607;103.461910;253.100000;6.690000;39034.000000;39265.000000
1993:12;6487.781645;103.594070;255.400000;6.770000;38601.000000;38895.000000
1994:01;6474.354690;104.023200;260.700000;6.830000;38950.000000;39659.000000
1994:02;6528.638190;104.122860;259.200000;6.580000;39204.000000;39396.000000
1994:03;6537.606088;104.153940;258.400000;6.580000;38965.000000;39238.000000
1994:04;6556.151626;104.526030;262.200000;6.870000;39464.000000;39833.000000
1994:05;6621.952464;104.633380;269.000000;7.090000;39585.000000;40056.000000
1994:06;6604.399971;104.640590;282.299999;7.510000;39854.000000;40383.000000
1994:07;6627.489089;104.984750;281.700000;7.750000;39910.000000;40811.000000
1994:08;6680.590763;105.195850;279.000000;8.010000;40014.000000;40601.000000
1994:09;6647.982224;105.419400;275.400000;8.190000;39609.000000;40390.000000
1994:10;6710.191459;105.452610;274.099999;8.300000;39803.000000;40321.000000
1994:11;6690.974422;105.782220;273.599999;8.350000;39941.000000;40480.000000
1994:12;6699.971101;106.165170;280.799999;8.760000;39957.000000;40428.000000
1995:01;6719.111390;106.549650;283.700000;9.120000;39897.000000;40513.000000
1995:02;6695.559479;106.729900;285.700000;9.360000;39801.000000;40238.000000
1995:03;6709.211219;106.820440;287.799999;9.850000;39376.000000;39854.000000
1995:04;6703.506638;107.185140;284.799999;9.840000;39141.000000;39724.000000
1995:05;6703.264030;107.321300;282.700000;9.810000;38844.000000;39367.000000
1995:06;6750.516398;107.393560;281.000000;9.530000;38574.000000;39148.000000
1995:07;6743.244258;107.836850;280.000000;9.240000;38956.000000;39544.000000
1995:08;6783.335649;107.899940;276.400000;8.990000;38780.000000;39414.000000
1995:09;6817.410973;107.963210;274.700000;9.020000;38999.000000;39669.000000
1995:10;6798.432438;108.233200;273.799999;8.840000;39467.000000;40002.000000
1995:11;6780.322358;108.454060;268.700000;8.550000;39830.000000;40159.000000
1995:12;6777.648153;108.542740;261.500000;8.450000;40277.000000;40522.000000
1996:01;6795.916349;108.902240;260.500000;8.230000;40326.000000;40740.000000
1996:02;6852.086998;108.958510;261.400000;8.240000;39761.000000;40674.000000
1996:03;6809.148590;109.139250;271.299999;8.280000;40550.000000;40723.000000
1996:04;6922.415197;109.375830;273.200000;8.260000;40790.000000;41014.000000
1996:05;6886.281478;109.389400;276.400000;8.180000;40252.000000;40711.000000
1996:06;6886.968313;109.644770;277.299999;8.290000;40178.000000;40714.000000
1996:07;6936.338380;109.769050;277.099999;8.150000;40180.000000;40658.000000
1996:08;6937.792271;109.945220;272.500000;8.130000;40051.000000;40851.000000
1996:09;6929.659320;110.075730;271.700000;8.200000;40419.000000;41037.000000
1996:10;7011.914986;110.302640;268.400000;8.110000;40252.000000;40644.000000
1996:11;7028.336218;110.298890;261.200000;7.810000;40709.000000;40914.000000
1996:12;6964.671764;110.418470;259.799999;7.310000;41494.000000;41797.000000
;;;257.299999;6.910000;41809.000000;42317.000000
;;;255.400000;6.250000;41865.000000;42084.000000
;;;256.000000;6.120000;41748.000000;41936.000000
;;;255.800000;5.910000;41850.000000;41995.000000
;;;251.400000;5.780000;42156.000000;42371.000000
;;;247.600000;5.900000;42461.000000;42793.000000
;;;243.400000;5.820000;42462.000000;43023.000000
;;;243.600000;5.660000;42862.000000;43326.000000
;;;243.000000;5.450000;43097.000000;43441.000000
;;;244.300000;5.210000;43654.000000;43903.000000
;;;241.700000;4.810000;44478.000000;44585.000000
;;;240.600000;4.430000;45371.000000;45563.000000
;;;238.500000;4.030000;46094.000000;46327.000000
;;;237.300000;4.060000;47646.000000;47721.000000
;;;239.700000;3.980000;48376.000000;48466.000000
;;;243.530000;3.730000;49023.000000;49111.000000
;;;245.780000;3.820000;49240.000000;49395.000000
;;;247.840000;3.760000;49081.000000;49310.000000
;;;246.720000;3.250000;49411.000000;49695.000000
;;;245.020000;3.300000;50096.000000;50346.000000
;;;245.620000;3.220000;50979.000000;51266.000000
;;;241.510000;3.100000;52652.000000;52795.000000
;;;238.260000;3.090000;53633.000000;53737.000000
;;;237.490000;2.920000;54260.000000;54383.000000
;;;238.320000;3.020000;54623.000000;54787.000000
;;;238.500000;3.030000;54797.000000;54842.000000
;;;238.500000;3.070000;55032.000000;55123.000000
;;;237.370000;2.960000;55246.000000;55319.000000
;;;235.260000;3.000000;56580.000000;56701.000000
;;;233.320000;3.040000;56909.000000;57090.000000
;;;235.550000;3.060000;57373.000000;57617.000000
;;;236.110000;3.030000;57660.000000;58012.000000
;;;235.280000;3.090000;58355.000000;58783.000000
;;;237.480000;2.990000;59427.000000;59712.000000
;;;241.450000;3.020000;60226.000000;60316.000000
;;;245.800000;2.960000;60463.000000;60545.000000
;;;247.660000;3.050000;60646.000000;60720.000000
;;;250.770000;3.250000;60637.000000;60707.000000
;;;253.730000;3.340000;60431.000000;60486.000000
;;;251.613700;3.560000;60368.000000;60492.000000
;;;256.667000;4.010000;59884.000000;60084.000000
;;;256.700000;4.250000;59669.000000;60002.000000
;;;259.669999;4.260000;59689.000000;60147.000000
;;;264.087999;4.470000;59343.000000;59812.000000
;;;267.638000;4.730000;59266.000000;59753.000000
;;;269.052999;4.760000;59136.000000;59517.000000
;;;274.844000;5.290000;59199.000000;59448.000000
;;;283.007999;5.450000;59195.000000;59404.000000
;;;287.983999;5.530000;59074.000000;59206.000000
;;;285.721999;5.920000;58780.000000;58839.000000
;;;285.974999;5.980000;58341.000000;58409.000000
;;;286.301000;6.050000;57874.000000;57985.000000
;;;288.330999;6.010000;57629.000000;57779.000000
;;;294.827000;6.000000;57109.000000;57381.000000
;;;295.377999;5.850000;57351.000000;57722.000000
;;;292.002999;5.740000;57193.000000;57475.000000
;;;290.653999;5.800000;57043.000000;57320.000000
;;;292.514999;5.760000;56612.000000;56857.000000
;;;296.457999;5.800000;56141.000000;56345.000000
;;;290.914000;5.600000;56129.000000;56386.000000
;;;286.751800;5.560000;55653.000000;55691.000000
;;;284.926999;5.220000;54775.000000;54810.000000
;;;286.593300;5.310000;55592.000000;55613.000000
;;;294.586499;5.220000;55064.000000;55155.000000
;;;306.269999;5.240000;54040.000000;54168.000000
;;;308.751100;5.270000;53652.000000;54038.000000
;;;309.213300;5.400000;52854.000000;53221.000000
;;;314.380500;5.220000;51847.000000;52181.000000
;;;309.748400;5.300000;50912.000000;51280.000000
;;;298.307699;5.240000;49789.000000;50076.000000
;;;284.842999;5.310000;49597.000000;49811.000000
;;;286.226999;5.290000;49908.000000;50063.000000